{"logistic_regression": 0.34943741580559107, "random_forest": 0.33707891990152916, "svm": 0.31348366429287977}