{"logistic_regression": 0.3322751322751323, "random_forest": 0.3354497354497355, "svm": 0.3322751322751323}